Atlanta,Philadelphia
0.509988133836948,0.58822461323932
