Atlanta,Philadelphia
0.494603848412914,0.55736467927082
